-- ==============================
-- 테스트 시드 데이터
-- 관리자 1명, 빌라 1개, 8세대, 관리비 2개월
-- ==============================

-- 관리자 (auth.users는 Supabase Auth에서 별도 생성)
-- 이 시드는 admins 테이블만 삽입 (auth_id는 실제 가입 후 매칭)
INSERT INTO admins (id, name, phone, email, role) VALUES
  ('00000000-0000-0000-0000-000000000001', '테스트관리자', '010-9999-0000', 'admin@test.com', 'admin');

-- 슈퍼어드민
INSERT INTO admins (id, name, phone, email, role) VALUES
  ('00000000-0000-0000-0000-000000000099', 'ANDNEW운영자', '010-0000-0000', 'super@andnew.kr', 'super');

-- 빌라
INSERT INTO villas (id, admin_id, name, address, total_units, units_per_floor, account_bank, account_number, account_holder) VALUES
  ('10000000-0000-0000-0000-000000000001', '00000000-0000-0000-0000-000000000001',
   '해피빌라', '서울 마포구 연남동 123-4', 8, 2, '국민', '123-456-789012', '테스트관리자');

-- 8개 세대
INSERT INTO units (id, villa_id, ho_number, floor) VALUES
  ('20000000-0000-0000-0000-000000000001', '10000000-0000-0000-0000-000000000001', '101호', 1),
  ('20000000-0000-0000-0000-000000000002', '10000000-0000-0000-0000-000000000001', '102호', 1),
  ('20000000-0000-0000-0000-000000000003', '10000000-0000-0000-0000-000000000001', '201호', 2),
  ('20000000-0000-0000-0000-000000000004', '10000000-0000-0000-0000-000000000001', '202호', 2),
  ('20000000-0000-0000-0000-000000000005', '10000000-0000-0000-0000-000000000001', '301호', 3),
  ('20000000-0000-0000-0000-000000000006', '10000000-0000-0000-0000-000000000001', '302호', 3),
  ('20000000-0000-0000-0000-000000000007', '10000000-0000-0000-0000-000000000001', '401호', 4),
  ('20000000-0000-0000-0000-000000000008', '10000000-0000-0000-0000-000000000001', '402호', 4);

-- 입주민 8명
INSERT INTO residents (unit_id, name, phone, is_owner) VALUES
  ('20000000-0000-0000-0000-000000000001', '김민수', '010-1234-5678', false),
  ('20000000-0000-0000-0000-000000000002', '이서희', '010-2345-6789', true),
  ('20000000-0000-0000-0000-000000000003', '박준영', '010-3456-7890', false),
  ('20000000-0000-0000-0000-000000000004', '최수연', '010-4567-8901', true),
  ('20000000-0000-0000-0000-000000000005', '정다은', '010-5678-9012', false),
  ('20000000-0000-0000-0000-000000000006', '강하준', '010-6789-0123', true),
  ('20000000-0000-0000-0000-000000000007', '오지훈', '010-7890-1234', false),
  ('20000000-0000-0000-0000-000000000008', '윤서영', '010-8901-2345', true);

-- 관리비 3월 (발행됨)
INSERT INTO bill_months (id, villa_id, year_month, label, due_date, status) VALUES
  ('30000000-0000-0000-0000-000000000001', '10000000-0000-0000-0000-000000000001',
   '2026-03', '2026년 3월', '2026-03-25', 'published');

INSERT INTO bill_items (bill_month_id, name, amount, sort_order) VALUES
  ('30000000-0000-0000-0000-000000000001', '공용전기', 189000, 1),
  ('30000000-0000-0000-0000-000000000001', '상하수도', 234000, 2),
  ('30000000-0000-0000-0000-000000000001', '건물보험', 124000, 3),
  ('30000000-0000-0000-0000-000000000001', '청소용역', 200000, 4),
  ('30000000-0000-0000-0000-000000000001', '소독/방역', 80000, 5),
  ('30000000-0000-0000-0000-000000000001', '수선충당금', 50000, 6);

-- 관리비 2월 (마감)
INSERT INTO bill_months (id, villa_id, year_month, label, due_date, status) VALUES
  ('30000000-0000-0000-0000-000000000002', '10000000-0000-0000-0000-000000000001',
   '2026-02', '2026년 2월', '2026-02-25', 'closed');

INSERT INTO bill_items (bill_month_id, name, amount, sort_order) VALUES
  ('30000000-0000-0000-0000-000000000002', '공용전기', 201000, 1),
  ('30000000-0000-0000-0000-000000000002', '상하수도', 218000, 2),
  ('30000000-0000-0000-0000-000000000002', '건물보험', 124000, 3),
  ('30000000-0000-0000-0000-000000000002', '청소용역', 200000, 4),
  ('30000000-0000-0000-0000-000000000002', '수선충당금', 50000, 5);

-- 구독
INSERT INTO subscriptions (id, admin_id, status, billing_day, card_brand, card_last4, trial_ends_at) VALUES
  ('40000000-0000-0000-0000-000000000001', '00000000-0000-0000-0000-000000000001',
   'active', 1, '신한카드', '4512', now() - interval '30 days');

INSERT INTO subscription_items (subscription_id, villa_id, plan, price) VALUES
  ('40000000-0000-0000-0000-000000000001', '10000000-0000-0000-0000-000000000001', 'small', 30000);
